iter	Logloss	Accuracy
0	0.6619477679	0.9502487562
1	0.6132322296	0.9701492537
2	0.5817503167	0.9701492537
3	0.5474988577	0.9751243781
4	0.5167186664	0.9751243781
